<odoo>
    <data>
        <record model="ir.module.category" id="module_category_karyawan">
            <field name="name">Pendaftaran Karyawan</field>
            <field name="description">Group karyawan</field>
            <field name="sequence">10</field>
        </record>
        <record id="group_karyawan_user" model="res.groups">
            <field name="name">User</field>
            <field name="category_id" ref="module_category_karyawan"/>
        </record>
        <record id="group_karyawan_admin" model="res.groups">
            <field name="name">Administrator</field>
            <field name="category_id" ref="module_category_karyawan"/>
            <field name="implied_ids" eval="[(4, ref('group_karyawan_user'))]"/>
        </record>
        <record id="group_karyawan_manager" model="res.groups">
            <field name="name">Manager</field>
            <field name="category_id" ref="module_category_karyawan"/>
            <field name="implied_ids" eval="[(4, ref('group_karyawan_admin'))]"/>
            <field name="users" eval="[(4, ref('base.user_admin'))]"/>
        </record>

    </data>
</odoo>