<?xml version="1.0" encoding="UTF-8" ?>
<templates id="template" xml:space="preserve">
    <t t-name="pesantren_musyrif.ChangePinPopUpHandler">
        <div style="
            position: fixed;
            top: 0;
            left: 0;
            width: 100%;
            height: 100%;
            background: rgba(0,0,0,0.5);
            display: flex;
            justify-content: center;
            align-items: center;
            z-index: 9999;">
            
            <div style="
                background: white;
                padding: 20px 30px;
                border-radius: 10px;
                box-shadow: 0 4px 8px rgba(0,0,0,0.2);
                text-align: center;
                width: 340px;">
                
                <h3 style="margin: 0; color: #333;">Masukkan PIN Baru</h3>
                
                <input type="password"
                    id="pinInput"
                    placeholder="______"
                    style="width: 100%; border: 1px solid #ccc; border-radius: 5px; margin: 20px 0; padding: 10px; font-size: 24px; letter-spacing: 5px; text-align: center;"/>
                
                <div style="display: flex; justify-content: space-between;">
                    <button t-on-click="onSave"
                        style="padding: 12px 0; width: 48%; font-size: 16px; color: white; background: #007BFF; border: none; border-radius: 5px; cursor: pointer;">
                        Simpan
                    </button>
                    <button t-on-click="onCancel"
                        style="padding: 12px 0; width: 48%; font-size: 16px; color: #333; background: #f0f0f0; border: 1px solid #ccc; border-radius: 5px; cursor: pointer;">
                        Batal
                    </button>
                </div>
            </div>
        </div>
    </t>
</templates>
