<odoo>
	<data>
		<record model="ir.module.category" id="module_category_musyrif">
			<field name="name">Musyrif</field>
			<field name="description">Group Musyrif</field>
			<field name="sequence">10</field>
		</record>
		<record id="group_musyrif_user" model="res.groups">
			<field name="name">User</field>
			<field name="category_id" ref="module_category_musyrif"/>
		</record>
        <record id="group_musyrif_staff" model="res.groups">
            <field name="name">Staff</field>
            <field name="category_id" ref="module_category_musyrif"/>
            <field name="implied_ids" eval="[(4, ref('group_musyrif_user'))]"/>
        </record>
		<record id="group_musyrif_manager" model="res.groups">
			<field name="name">Manager</field>
			<field name="category_id" ref="module_category_musyrif"/>
			<field name="implied_ids" eval="[(4, ref('group_musyrif_staff'))]"/>
        	<field name="users" eval="[(4, ref('base.user_admin'))]"/>
		</record>

		<!-- Rules Perijinan -->

		<record id="group_musyrif_user_rule_perijinan" model="ir.rule">
			<field name="name">User Rule Perijinan</field>
			<field name="model_id" ref="pesantren_kesantrian.model_cdn_perijinan"/>
			<field name="domain_force">[
				'|',
				('siswa_id.kamar_id.musyrif_id.user_id', '=', user.id),
				('siswa_id.kamar_id.pengganti_ids.user_id', '=', user.id)
			]</field>
			<field name="groups" eval="[(4, ref('group_musyrif_user'))]"/>
			<field name="perm_create" eval="False"/>
		</record>

		<record id="group_musyrif_manager_rule_perijinan" model="ir.rule">
			<field name="name">Manager Rule Perijinan</field>
			<field name="model_id" ref="pesantren_kesantrian.model_cdn_perijinan"/>
			<field name="groups" eval="[(4, ref('group_musyrif_manager'))]"/>
		</record>

		<!-- Rules Pelanggaran -->

		<record id="group_musyrif_user_rule_pelanggaran" model="ir.rule">
			<field name="name">User Rule Pelanggaran</field>
			<field name="model_id" ref="pesantren_kesantrian.model_cdn_pelanggaran"/>
			<field name="domain_force">[
				'|',
				('siswa_id.kamar_id.musyrif_id.user_id', '=', user.id),
				('siswa_id.kamar_id.pengganti_ids.user_id', '=', user.id)
			]</field>
			<field name="groups" eval="[(4, ref('group_musyrif_user'))]"/>
		</record>

		<record id="group_musyrif_manager_rule_pelanggaran" model="ir.rule">
			<field name="name">Manager Rule Pelanggaran</field>
			<field name="model_id" ref="pesantren_kesantrian.model_cdn_pelanggaran"/>
			<field name="groups" eval="[(4, ref('group_musyrif_manager'))]"/>
		</record>

		<!-- Rules Kesehatan -->

		<record id="group_musyrif_user_rule_kesehatan" model="ir.rule">
			<field name="name">User Rule Kesehatan</field>
			<field name="model_id" ref="pesantren_kesantrian.model_cdn_kesehatan"/>
			<field name="domain_force">[
				'|',
				('siswa_id.kamar_id.musyrif_id.user_id', '=', user.id),
				('siswa_id.kamar_id.pengganti_ids.user_id', '=', user.id)
			]</field>
			<field name="groups" eval="[(4, ref('group_musyrif_user'))]"/>
		</record>

		<record id="group_musyrif_manager_rule_kesehatan" model="ir.rule">
			<field name="name">Manager Rule Kesehatan</field>
			<field name="model_id" ref="pesantren_kesantrian.model_cdn_kesehatan"/>
			<field name="groups" eval="[(4, ref('group_musyrif_manager'))]"/>
		</record>

		<!-- Rules Mutabaah Harian -->

		<record id="group_musyrif_user_rule_mutabaah_harian" model="ir.rule">
			<field name="name">User Rule Mutabaah Harian</field>
			<field name="model_id" ref="pesantren_kesantrian.model_cdn_mutabaah_harian"/>
			<field name="domain_force">[
				'|',
				('siswa_id.kamar_id.musyrif_id.user_id', '=', user.id),
				('siswa_id.kamar_id.pengganti_ids.user_id', '=', user.id)
			]</field>
			<field name="groups" eval="[(4, ref('group_musyrif_user'))]"/>
		</record>

		<record id="group_musyrif_manager_rule_mutabaah_harian" model="ir.rule">
			<field name="name">Manager Rule Mutabaah Harian</field>
			<field name="model_id" ref="pesantren_kesantrian.model_cdn_mutabaah_harian"/>
			<field name="groups" eval="[(4, ref('group_musyrif_manager'))]"/>
		</record>

		<!-- Rules Prestasi Santri -->

		<record id="group_musyrif_user_rule_prestasi_siswa" model="ir.rule">
			<field name="name">User Rule Prestasi Santri</field>
			<field name="model_id" ref="pesantren_kesantrian.model_cdn_prestasi_siswa"/>
			<field name="domain_force">[
				'|',
				('siswa_id.kamar_id.musyrif_id.user_id', '=', user.id),
				('siswa_id.kamar_id.pengganti_ids.user_id', '=', user.id)
			]</field>
			<field name="groups" eval="[(4, ref('group_musyrif_user'))]"/>
		</record>

		<record id="group_musyrif_manager_rule_prestasi_siswa" model="ir.rule">
			<field name="name">Manager Rule Prestasi Santri</field>
			<field name="model_id" ref="pesantren_kesantrian.model_cdn_prestasi_siswa"/>
			<field name="groups" eval="[(4, ref('group_musyrif_manager'))]"/>
		</record>

		<!-- Rules SISWA -->

		<record id="group_musyrif_user_rule_siswa" model="ir.rule">
			<field name="name">User Rule Cek Santri</field>
			<field name="model_id" ref="pesantren_kesantrian.model_cdn_siswa"/>
			<field name = "perm_read" eval = "True" /> 
   			<field name = "perm_write" eval = "True" /> 
   			<field name = "perm_create" eval = "False" /> 
   			<field name = "perm_unlink" eval = "False" /> 
			<field name="domain_force">
				[
                    '|',
                    ('kamar_id.musyrif_id.user_id','=',user.id),
                    ('kamar_id.pengganti_ids.user_id','=',user.id)
                ]
			</field>
			<field name="groups" eval="[(4, ref('group_musyrif_user'))]"/>
		</record>

		<!-- <record id="group_musyrif_manager_rule_siswa" model="ir.rule">
			<field name="name">Manager Rule Cek Santri</field>
			<field name="model_id" ref="pesantren_kesantrian.model_cdn_siswa"/>
			<field name="groups" eval="[(4, ref('group_musyrif_manager'))]"/>
		</record> -->


	</data>
</odoo>