<?xml version="1.0" encoding="utf-8"?>
<odoo>
    <data>
         <!-- <record id="ir_cron_check_overdue_invoices" model="ir.cron">
            <field name="name">Cek Tagihan Jatuh Tempo</field>
            <field name="model_id" ref="account.model_account_move"/>
            <field name="state">code</field>
            <field name="code">model._run_check_overdue_invoices()</field>
            <field name="interval_number">1</field>
            <field name="interval_type">days</field>
            <field name="active" eval="True"/>
            <field name="nextcall" eval="(datetime.now().replace(hour=0, minute=0, second=0, microsecond=0) + timedelta(days=1)).strftime('%Y-%m-%d %H:%M:%S')"/>
        </record>    -->
    </data>
</odoo>
