<odoo>
	<data>
		<record model="ir.module.category" id="module_category_keuangan">
			<field name="name">Keuangan</field>
			<field name="description">Group Keuangan</field>
			<field name="sequence">10</field>
		</record>
		<record id="group_keuangan_user" model="res.groups">
			<field name="name">User</field>
			<field name="category_id" ref="module_category_keuangan"/>
		</record>
        <record id="group_keuangan_staff" model="res.groups">
            <field name="name">Staff</field>
            <field name="category_id" ref="module_category_keuangan"/>
            <field name="implied_ids" eval="[(4, ref('group_keuangan_user'))]"/>
        </record>
		<record id="group_keuangan_manager" model="res.groups">
			<field name="name">Manager</field>
			<field name="category_id" ref="module_category_keuangan"/>
			<field name="implied_ids" eval="[(4, ref('group_keuangan_staff'))]"/>
        	<field name="users" eval="[(4, ref('base.user_admin'))]"/>
		</record>

		<!-- Grup Keamanan untuk Modul Pesantren Keuangan -->
        <!-- <record id="group_pesantren_keuangan_user" model="res.groups">
            <field name="name">Pesantren Keuangan / Pengguna</field>
            <field name="category_id" ref="base.module_category_accounting_accounting"/>
            <field name="implied_ids" eval="[(4, ref('account.group_account_invoice'))]"/>
        </record> -->


	</data>
</odoo>